{
  "T_reading": 0.014909,
  "T_multiplication": 6.85477,
  "T_writing": 0.376571,
  "T_total": 7.24625
}
