{
  "Var": "2a",
  "T_reading": 0.0108549,
  "T_multiplication": 2.75404,
  "T_writing": 0.359349,
  "T_total": 3.12425,
}
