{
  "T_reading": 0.0149541,
  "T_multiplication": 1.09587,
  "T_writing": 0.378488,
  "T_total": 1.48932
}
