{
  "Var": "2a",
  "T_reading": 0.015591,
  "T_multiplication": 1.11889,
  "T_writing": 0.372899,
  "T_total": 1.50738,
}
