{
  "Var": "2b",
  "T_reading": 0.014288,
  "T_multiplication": 7.08219,
  "T_writing": 0.371248,
  "T_total": 7.46772,
}
