{
  "Var": "3a",
  "T_reading": 0.0153207,
  "T_multiplication": 1.18674,
  "T_writing": 0.379699,
  "T_total": 1.58176,
}
