{
  "Var": "3b",
  "T_reading": 0.0102732,
  "T_multiplication": 1.20001,
  "T_writing": 0.377203,
  "T_total": 1.58749,
}
